<?xml version="1.0"?>
<doc>
    <assembly>
        <name>AnFake.Api.Pipeline.v1</name>
    </assembly>
    <members>
        <member name="T:AnFake.Api.Pipeline.Antlr.PipelineBaseListener">
            <summary>
            This class provides an empty implementation of <see cref="T:AnFake.Api.Pipeline.Antlr.IPipelineListener"/>,
            which can be extended to create a listener which only needs to handle a subset
            of the available methods.
            </summary>
        </member>
        <member name="T:AnFake.Api.Pipeline.Antlr.IPipelineListener">
            <summary>
            This interface defines a complete listener for a parse tree produced by
            <see cref="T:AnFake.Api.Pipeline.Antlr.PipelineParser"/>.
            </summary>
        </member>
        <member name="M:AnFake.Api.Pipeline.Antlr.IPipelineListener.EnterPipeline(AnFake.Api.Pipeline.Antlr.PipelineParser.PipelineContext)">
            <summary>
            Enter a parse tree produced by <see cref="M:AnFake.Api.Pipeline.Antlr.PipelineParser.pipeline"/>.
            </summary>
            <param name="context">The parse tree.</param>
        </member>
        <member name="M:AnFake.Api.Pipeline.Antlr.IPipelineListener.ExitPipeline(AnFake.Api.Pipeline.Antlr.PipelineParser.PipelineContext)">
            <summary>
            Exit a parse tree produced by <see cref="M:AnFake.Api.Pipeline.Antlr.PipelineParser.pipeline"/>.
            </summary>
            <param name="context">The parse tree.</param>
        </member>
        <member name="M:AnFake.Api.Pipeline.Antlr.IPipelineListener.EnterInternalUnaryStep(AnFake.Api.Pipeline.Antlr.PipelineParser.InternalUnaryStepContext)">
            <summary>
            Enter a parse tree produced by the <c>InternalUnaryStep</c>
            labeled alternative in <see cref="M:AnFake.Api.Pipeline.Antlr.PipelineParser.step"/>.
            </summary>
            <param name="context">The parse tree.</param>
        </member>
        <member name="M:AnFake.Api.Pipeline.Antlr.IPipelineListener.ExitInternalUnaryStep(AnFake.Api.Pipeline.Antlr.PipelineParser.InternalUnaryStepContext)">
            <summary>
            Exit a parse tree produced by the <c>InternalUnaryStep</c>
            labeled alternative in <see cref="M:AnFake.Api.Pipeline.Antlr.PipelineParser.step"/>.
            </summary>
            <param name="context">The parse tree.</param>
        </member>
        <member name="M:AnFake.Api.Pipeline.Antlr.IPipelineListener.EnterInternalSequentialStep(AnFake.Api.Pipeline.Antlr.PipelineParser.InternalSequentialStepContext)">
            <summary>
            Enter a parse tree produced by the <c>InternalSequentialStep</c>
            labeled alternative in <see cref="M:AnFake.Api.Pipeline.Antlr.PipelineParser.step"/>.
            </summary>
            <param name="context">The parse tree.</param>
        </member>
        <member name="M:AnFake.Api.Pipeline.Antlr.IPipelineListener.ExitInternalSequentialStep(AnFake.Api.Pipeline.Antlr.PipelineParser.InternalSequentialStepContext)">
            <summary>
            Exit a parse tree produced by the <c>InternalSequentialStep</c>
            labeled alternative in <see cref="M:AnFake.Api.Pipeline.Antlr.PipelineParser.step"/>.
            </summary>
            <param name="context">The parse tree.</param>
        </member>
        <member name="M:AnFake.Api.Pipeline.Antlr.IPipelineListener.EnterInternalParallelStep(AnFake.Api.Pipeline.Antlr.PipelineParser.InternalParallelStepContext)">
            <summary>
            Enter a parse tree produced by the <c>InternalParallelStep</c>
            labeled alternative in <see cref="M:AnFake.Api.Pipeline.Antlr.PipelineParser.step"/>.
            </summary>
            <param name="context">The parse tree.</param>
        </member>
        <member name="M:AnFake.Api.Pipeline.Antlr.IPipelineListener.ExitInternalParallelStep(AnFake.Api.Pipeline.Antlr.PipelineParser.InternalParallelStepContext)">
            <summary>
            Exit a parse tree produced by the <c>InternalParallelStep</c>
            labeled alternative in <see cref="M:AnFake.Api.Pipeline.Antlr.PipelineParser.step"/>.
            </summary>
            <param name="context">The parse tree.</param>
        </member>
        <member name="M:AnFake.Api.Pipeline.Antlr.IPipelineListener.EnterUnaryStep(AnFake.Api.Pipeline.Antlr.PipelineParser.UnaryStepContext)">
            <summary>
            Enter a parse tree produced by <see cref="M:AnFake.Api.Pipeline.Antlr.PipelineParser.unaryStep"/>.
            </summary>
            <param name="context">The parse tree.</param>
        </member>
        <member name="M:AnFake.Api.Pipeline.Antlr.IPipelineListener.ExitUnaryStep(AnFake.Api.Pipeline.Antlr.PipelineParser.UnaryStepContext)">
            <summary>
            Exit a parse tree produced by <see cref="M:AnFake.Api.Pipeline.Antlr.PipelineParser.unaryStep"/>.
            </summary>
            <param name="context">The parse tree.</param>
        </member>
        <member name="M:AnFake.Api.Pipeline.Antlr.IPipelineListener.EnterOptionalBuildRun(AnFake.Api.Pipeline.Antlr.PipelineParser.OptionalBuildRunContext)">
            <summary>
            Enter a parse tree produced by <see cref="M:AnFake.Api.Pipeline.Antlr.PipelineParser.optionalBuildRun"/>.
            </summary>
            <param name="context">The parse tree.</param>
        </member>
        <member name="M:AnFake.Api.Pipeline.Antlr.IPipelineListener.ExitOptionalBuildRun(AnFake.Api.Pipeline.Antlr.PipelineParser.OptionalBuildRunContext)">
            <summary>
            Exit a parse tree produced by <see cref="M:AnFake.Api.Pipeline.Antlr.PipelineParser.optionalBuildRun"/>.
            </summary>
            <param name="context">The parse tree.</param>
        </member>
        <member name="M:AnFake.Api.Pipeline.Antlr.IPipelineListener.EnterInternalBuildRunVoid(AnFake.Api.Pipeline.Antlr.PipelineParser.InternalBuildRunVoidContext)">
            <summary>
            Enter a parse tree produced by the <c>InternalBuildRunVoid</c>
            labeled alternative in <see cref="M:AnFake.Api.Pipeline.Antlr.PipelineParser.buildRun"/>.
            </summary>
            <param name="context">The parse tree.</param>
        </member>
        <member name="M:AnFake.Api.Pipeline.Antlr.IPipelineListener.ExitInternalBuildRunVoid(AnFake.Api.Pipeline.Antlr.PipelineParser.InternalBuildRunVoidContext)">
            <summary>
            Exit a parse tree produced by the <c>InternalBuildRunVoid</c>
            labeled alternative in <see cref="M:AnFake.Api.Pipeline.Antlr.PipelineParser.buildRun"/>.
            </summary>
            <param name="context">The parse tree.</param>
        </member>
        <member name="M:AnFake.Api.Pipeline.Antlr.IPipelineListener.EnterInternalBuildRunIn(AnFake.Api.Pipeline.Antlr.PipelineParser.InternalBuildRunInContext)">
            <summary>
            Enter a parse tree produced by the <c>InternalBuildRunIn</c>
            labeled alternative in <see cref="M:AnFake.Api.Pipeline.Antlr.PipelineParser.buildRun"/>.
            </summary>
            <param name="context">The parse tree.</param>
        </member>
        <member name="M:AnFake.Api.Pipeline.Antlr.IPipelineListener.ExitInternalBuildRunIn(AnFake.Api.Pipeline.Antlr.PipelineParser.InternalBuildRunInContext)">
            <summary>
            Exit a parse tree produced by the <c>InternalBuildRunIn</c>
            labeled alternative in <see cref="M:AnFake.Api.Pipeline.Antlr.PipelineParser.buildRun"/>.
            </summary>
            <param name="context">The parse tree.</param>
        </member>
        <member name="M:AnFake.Api.Pipeline.Antlr.IPipelineListener.EnterInternalBuildRunOut(AnFake.Api.Pipeline.Antlr.PipelineParser.InternalBuildRunOutContext)">
            <summary>
            Enter a parse tree produced by the <c>InternalBuildRunOut</c>
            labeled alternative in <see cref="M:AnFake.Api.Pipeline.Antlr.PipelineParser.buildRun"/>.
            </summary>
            <param name="context">The parse tree.</param>
        </member>
        <member name="M:AnFake.Api.Pipeline.Antlr.IPipelineListener.ExitInternalBuildRunOut(AnFake.Api.Pipeline.Antlr.PipelineParser.InternalBuildRunOutContext)">
            <summary>
            Exit a parse tree produced by the <c>InternalBuildRunOut</c>
            labeled alternative in <see cref="M:AnFake.Api.Pipeline.Antlr.PipelineParser.buildRun"/>.
            </summary>
            <param name="context">The parse tree.</param>
        </member>
        <member name="M:AnFake.Api.Pipeline.Antlr.IPipelineListener.EnterInternalBuildRunInOut(AnFake.Api.Pipeline.Antlr.PipelineParser.InternalBuildRunInOutContext)">
            <summary>
            Enter a parse tree produced by the <c>InternalBuildRunInOut</c>
            labeled alternative in <see cref="M:AnFake.Api.Pipeline.Antlr.PipelineParser.buildRun"/>.
            </summary>
            <param name="context">The parse tree.</param>
        </member>
        <member name="M:AnFake.Api.Pipeline.Antlr.IPipelineListener.ExitInternalBuildRunInOut(AnFake.Api.Pipeline.Antlr.PipelineParser.InternalBuildRunInOutContext)">
            <summary>
            Exit a parse tree produced by the <c>InternalBuildRunInOut</c>
            labeled alternative in <see cref="M:AnFake.Api.Pipeline.Antlr.PipelineParser.buildRun"/>.
            </summary>
            <param name="context">The parse tree.</param>
        </member>
        <member name="M:AnFake.Api.Pipeline.Antlr.IPipelineListener.EnterBuildRunName(AnFake.Api.Pipeline.Antlr.PipelineParser.BuildRunNameContext)">
            <summary>
            Enter a parse tree produced by <see cref="M:AnFake.Api.Pipeline.Antlr.PipelineParser.buildRunName"/>.
            </summary>
            <param name="context">The parse tree.</param>
        </member>
        <member name="M:AnFake.Api.Pipeline.Antlr.IPipelineListener.ExitBuildRunName(AnFake.Api.Pipeline.Antlr.PipelineParser.BuildRunNameContext)">
            <summary>
            Exit a parse tree produced by <see cref="M:AnFake.Api.Pipeline.Antlr.PipelineParser.buildRunName"/>.
            </summary>
            <param name="context">The parse tree.</param>
        </member>
        <member name="M:AnFake.Api.Pipeline.Antlr.PipelineBaseListener.EnterPipeline(AnFake.Api.Pipeline.Antlr.PipelineParser.PipelineContext)">
            <summary>
            Enter a parse tree produced by <see cref="M:AnFake.Api.Pipeline.Antlr.PipelineParser.pipeline"/>.
            <para>The default implementation does nothing.</para>
            </summary>
            <param name="context">The parse tree.</param>
        </member>
        <member name="M:AnFake.Api.Pipeline.Antlr.PipelineBaseListener.ExitPipeline(AnFake.Api.Pipeline.Antlr.PipelineParser.PipelineContext)">
            <summary>
            Exit a parse tree produced by <see cref="M:AnFake.Api.Pipeline.Antlr.PipelineParser.pipeline"/>.
            <para>The default implementation does nothing.</para>
            </summary>
            <param name="context">The parse tree.</param>
        </member>
        <member name="M:AnFake.Api.Pipeline.Antlr.PipelineBaseListener.EnterInternalUnaryStep(AnFake.Api.Pipeline.Antlr.PipelineParser.InternalUnaryStepContext)">
            <summary>
            Enter a parse tree produced by <see cref="!:PipelineParser.InternalUnaryStep"/>.
            <para>The default implementation does nothing.</para>
            </summary>
            <param name="context">The parse tree.</param>
        </member>
        <member name="M:AnFake.Api.Pipeline.Antlr.PipelineBaseListener.ExitInternalUnaryStep(AnFake.Api.Pipeline.Antlr.PipelineParser.InternalUnaryStepContext)">
            <summary>
            Exit a parse tree produced by <see cref="!:PipelineParser.InternalUnaryStep"/>.
            <para>The default implementation does nothing.</para>
            </summary>
            <param name="context">The parse tree.</param>
        </member>
        <member name="M:AnFake.Api.Pipeline.Antlr.PipelineBaseListener.EnterInternalSequentialStep(AnFake.Api.Pipeline.Antlr.PipelineParser.InternalSequentialStepContext)">
            <summary>
            Enter a parse tree produced by <see cref="!:PipelineParser.InternalSequentialStep"/>.
            <para>The default implementation does nothing.</para>
            </summary>
            <param name="context">The parse tree.</param>
        </member>
        <member name="M:AnFake.Api.Pipeline.Antlr.PipelineBaseListener.ExitInternalSequentialStep(AnFake.Api.Pipeline.Antlr.PipelineParser.InternalSequentialStepContext)">
            <summary>
            Exit a parse tree produced by <see cref="!:PipelineParser.InternalSequentialStep"/>.
            <para>The default implementation does nothing.</para>
            </summary>
            <param name="context">The parse tree.</param>
        </member>
        <member name="M:AnFake.Api.Pipeline.Antlr.PipelineBaseListener.EnterInternalParallelStep(AnFake.Api.Pipeline.Antlr.PipelineParser.InternalParallelStepContext)">
            <summary>
            Enter a parse tree produced by <see cref="!:PipelineParser.InternalParallelStep"/>.
            <para>The default implementation does nothing.</para>
            </summary>
            <param name="context">The parse tree.</param>
        </member>
        <member name="M:AnFake.Api.Pipeline.Antlr.PipelineBaseListener.ExitInternalParallelStep(AnFake.Api.Pipeline.Antlr.PipelineParser.InternalParallelStepContext)">
            <summary>
            Exit a parse tree produced by <see cref="!:PipelineParser.InternalParallelStep"/>.
            <para>The default implementation does nothing.</para>
            </summary>
            <param name="context">The parse tree.</param>
        </member>
        <member name="M:AnFake.Api.Pipeline.Antlr.PipelineBaseListener.EnterUnaryStep(AnFake.Api.Pipeline.Antlr.PipelineParser.UnaryStepContext)">
            <summary>
            Enter a parse tree produced by <see cref="M:AnFake.Api.Pipeline.Antlr.PipelineParser.unaryStep"/>.
            <para>The default implementation does nothing.</para>
            </summary>
            <param name="context">The parse tree.</param>
        </member>
        <member name="M:AnFake.Api.Pipeline.Antlr.PipelineBaseListener.ExitUnaryStep(AnFake.Api.Pipeline.Antlr.PipelineParser.UnaryStepContext)">
            <summary>
            Exit a parse tree produced by <see cref="M:AnFake.Api.Pipeline.Antlr.PipelineParser.unaryStep"/>.
            <para>The default implementation does nothing.</para>
            </summary>
            <param name="context">The parse tree.</param>
        </member>
        <member name="M:AnFake.Api.Pipeline.Antlr.PipelineBaseListener.EnterOptionalBuildRun(AnFake.Api.Pipeline.Antlr.PipelineParser.OptionalBuildRunContext)">
            <summary>
            Enter a parse tree produced by <see cref="M:AnFake.Api.Pipeline.Antlr.PipelineParser.optionalBuildRun"/>.
            <para>The default implementation does nothing.</para>
            </summary>
            <param name="context">The parse tree.</param>
        </member>
        <member name="M:AnFake.Api.Pipeline.Antlr.PipelineBaseListener.ExitOptionalBuildRun(AnFake.Api.Pipeline.Antlr.PipelineParser.OptionalBuildRunContext)">
            <summary>
            Exit a parse tree produced by <see cref="M:AnFake.Api.Pipeline.Antlr.PipelineParser.optionalBuildRun"/>.
            <para>The default implementation does nothing.</para>
            </summary>
            <param name="context">The parse tree.</param>
        </member>
        <member name="M:AnFake.Api.Pipeline.Antlr.PipelineBaseListener.EnterInternalBuildRunVoid(AnFake.Api.Pipeline.Antlr.PipelineParser.InternalBuildRunVoidContext)">
            <summary>
            Enter a parse tree produced by <see cref="!:PipelineParser.InternalBuildRunVoid"/>.
            <para>The default implementation does nothing.</para>
            </summary>
            <param name="context">The parse tree.</param>
        </member>
        <member name="M:AnFake.Api.Pipeline.Antlr.PipelineBaseListener.ExitInternalBuildRunVoid(AnFake.Api.Pipeline.Antlr.PipelineParser.InternalBuildRunVoidContext)">
            <summary>
            Exit a parse tree produced by <see cref="!:PipelineParser.InternalBuildRunVoid"/>.
            <para>The default implementation does nothing.</para>
            </summary>
            <param name="context">The parse tree.</param>
        </member>
        <member name="M:AnFake.Api.Pipeline.Antlr.PipelineBaseListener.EnterInternalBuildRunIn(AnFake.Api.Pipeline.Antlr.PipelineParser.InternalBuildRunInContext)">
            <summary>
            Enter a parse tree produced by <see cref="!:PipelineParser.InternalBuildRunIn"/>.
            <para>The default implementation does nothing.</para>
            </summary>
            <param name="context">The parse tree.</param>
        </member>
        <member name="M:AnFake.Api.Pipeline.Antlr.PipelineBaseListener.ExitInternalBuildRunIn(AnFake.Api.Pipeline.Antlr.PipelineParser.InternalBuildRunInContext)">
            <summary>
            Exit a parse tree produced by <see cref="!:PipelineParser.InternalBuildRunIn"/>.
            <para>The default implementation does nothing.</para>
            </summary>
            <param name="context">The parse tree.</param>
        </member>
        <member name="M:AnFake.Api.Pipeline.Antlr.PipelineBaseListener.EnterInternalBuildRunOut(AnFake.Api.Pipeline.Antlr.PipelineParser.InternalBuildRunOutContext)">
            <summary>
            Enter a parse tree produced by <see cref="!:PipelineParser.InternalBuildRunOut"/>.
            <para>The default implementation does nothing.</para>
            </summary>
            <param name="context">The parse tree.</param>
        </member>
        <member name="M:AnFake.Api.Pipeline.Antlr.PipelineBaseListener.ExitInternalBuildRunOut(AnFake.Api.Pipeline.Antlr.PipelineParser.InternalBuildRunOutContext)">
            <summary>
            Exit a parse tree produced by <see cref="!:PipelineParser.InternalBuildRunOut"/>.
            <para>The default implementation does nothing.</para>
            </summary>
            <param name="context">The parse tree.</param>
        </member>
        <member name="M:AnFake.Api.Pipeline.Antlr.PipelineBaseListener.EnterInternalBuildRunInOut(AnFake.Api.Pipeline.Antlr.PipelineParser.InternalBuildRunInOutContext)">
            <summary>
            Enter a parse tree produced by <see cref="!:PipelineParser.InternalBuildRunInOut"/>.
            <para>The default implementation does nothing.</para>
            </summary>
            <param name="context">The parse tree.</param>
        </member>
        <member name="M:AnFake.Api.Pipeline.Antlr.PipelineBaseListener.ExitInternalBuildRunInOut(AnFake.Api.Pipeline.Antlr.PipelineParser.InternalBuildRunInOutContext)">
            <summary>
            Exit a parse tree produced by <see cref="!:PipelineParser.InternalBuildRunInOut"/>.
            <para>The default implementation does nothing.</para>
            </summary>
            <param name="context">The parse tree.</param>
        </member>
        <member name="M:AnFake.Api.Pipeline.Antlr.PipelineBaseListener.EnterBuildRunName(AnFake.Api.Pipeline.Antlr.PipelineParser.BuildRunNameContext)">
            <summary>
            Enter a parse tree produced by <see cref="M:AnFake.Api.Pipeline.Antlr.PipelineParser.buildRunName"/>.
            <para>The default implementation does nothing.</para>
            </summary>
            <param name="context">The parse tree.</param>
        </member>
        <member name="M:AnFake.Api.Pipeline.Antlr.PipelineBaseListener.ExitBuildRunName(AnFake.Api.Pipeline.Antlr.PipelineParser.BuildRunNameContext)">
            <summary>
            Exit a parse tree produced by <see cref="M:AnFake.Api.Pipeline.Antlr.PipelineParser.buildRunName"/>.
            <para>The default implementation does nothing.</para>
            </summary>
            <param name="context">The parse tree.</param>
        </member>
        <member name="M:AnFake.Api.Pipeline.Antlr.PipelineBaseListener.EnterEveryRule(Antlr4.Runtime.ParserRuleContext)">
            <inheritdoc/>
            <remarks>The default implementation does nothing.</remarks>
        </member>
        <member name="M:AnFake.Api.Pipeline.Antlr.PipelineBaseListener.ExitEveryRule(Antlr4.Runtime.ParserRuleContext)">
            <inheritdoc/>
            <remarks>The default implementation does nothing.</remarks>
        </member>
        <member name="M:AnFake.Api.Pipeline.Antlr.PipelineBaseListener.VisitTerminal(Antlr4.Runtime.Tree.ITerminalNode)">
            <inheritdoc/>
            <remarks>The default implementation does nothing.</remarks>
        </member>
        <member name="M:AnFake.Api.Pipeline.Antlr.PipelineBaseListener.VisitErrorNode(Antlr4.Runtime.Tree.IErrorNode)">
            <inheritdoc/>
            <remarks>The default implementation does nothing.</remarks>
        </member>
    </members>
</doc>
