<?xml version="1.0"?>
<doc>
    <assembly>
        <name>AnFake.Api.v1</name>
    </assembly>
    <members>
        <member name="T:AnFake.Api.HyperlinkExtension">
            <summary>
            	Hyperlink related extensions.
            </summary>
        </member>
        <member name="M:AnFake.Api.HyperlinkExtension.Add(System.Collections.Generic.ICollection{AnFake.Api.Hyperlink},System.Uri,System.String)">
            <summary>
            	Shortcut for <c>Links.Add(new Hyperlink(...))</c>.
            </summary>
            <param name="links"></param>
            <param name="href"></param>
            <param name="label"></param>
        </member>
        <member name="M:AnFake.Api.HyperlinkExtension.Add(System.Collections.Generic.ICollection{AnFake.Api.Hyperlink},System.String,System.String)">
            <summary>
            	Shortcut for <c>Links.Add(new Hyperlink(...))</c>.
            </summary>
            <param name="links"></param>
            <param name="href"></param>
            <param name="label"></param>
        </member>
        <member name="T:AnFake.Api.Log">
            <summary>
                Represent build log.
            </summary>
        </member>
        <member name="T:AnFake.Api.JsonTraceReader">
            <summary>
                Reads TraceMessage objects from extended JSON formatted stream.
                Extended means stream can contain multiple objects separated by \x0A character.
            </summary>
            <remarks>
                Messages are read all at once in ReadFrom method and then parsed separatedly by Next method.
                Read once technique is used in order to prevent long-term usage (locking) of a stream.
            </remarks>
        </member>
        <member name="M:AnFake.Api.JsonTraceReader.ReadFrom(System.IO.Stream,System.Int64)">
            <summary>
                Reads all available messages at once starting from specified position and returns position where read has finished.
            </summary>
            <remarks>
                Given stream MUST support Position and Length properties.
            </remarks>
            <param name="stream">stream for reading from</param>
            <param name="startPosition">position to start from</param>
            <returns>position where read has finished</returns>
        </member>
        <member name="M:AnFake.Api.JsonTraceReader.Next">
            <summary>
                Parses and returns the next TraceMessage instance or null if no one more.
            </summary>
            <returns>TraceMessage instance or null</returns>
        </member>
        <member name="T:AnFake.Api.TraceMessageCollector">
            <summary>
                Represents trace message collector.
            </summary>
            <remarks>
                Collects important (Summary, Warning, Error) messages produced by some operation.
            </remarks>
        </member>
        <member name="T:AnFake.Api.LogMessageLevel">
            <summary>
                Represents level of message written to build log.
            </summary>
        </member>
        <member name="F:AnFake.Api.LogMessageLevel.Debug">
            <summary>
                Denotes diagnostic details of current operation. E.g. 'Overwrite enabled => deleting target folder x'.
            </summary>
            <remarks>
                Debug messages are visible with verbosity Detailed or higher.
                They have GRAY color on console and [DEBUG] tag in log file.
            </remarks>
        </member>
        <member name="F:AnFake.Api.LogMessageLevel.Info">
            <summary>
                Denotes information about current progress. E.g. 'Starting process x', 'Copying files x => y', etc.
            </summary>
            <remarks>
                Info messages are visible with verbosity Normal or higher.
                They have WHITE color on console and [INFO] tag in log file.
            </remarks>
        </member>
        <member name="F:AnFake.Api.LogMessageLevel.Summary">
            <summary>
                Denotes summary of important operation. E.g. 'x failed / y total tests'.
            </summary>
            <remarks>
                Summary messages are visible with verbosity Minimal or higher.
                They have WHITE color on console and [INFO] tag in log file.
            </remarks>
        </member>
        <member name="F:AnFake.Api.LogMessageLevel.Warning">
            <summary>
                Denotes warning about operation's result. E.g. 'Obsolete API is used'.
            </summary>
            <remarks>
                Warning messages are visible with any verbosity.
                They have YELLOW color on console and [WARN] tag in log file.
            </remarks>
        </member>
        <member name="F:AnFake.Api.LogMessageLevel.Error">
            <summary>
                Denotes failure of operation. E.g. 'Syntax error in ...'
            </summary>
            <remarks>
                Error messages are visible with any verbosity.
                They have RED color on console and [ERROR] tag in log file.
            </remarks>
        </member>
        <member name="F:AnFake.Api.LogMessageLevel.Success">
            <summary>
                Denotes success of operation or phase. E.g. 'Target Compile successfull'
            </summary>
            <remarks>
                <para>
                    Success messages are visible with any verbosity.
                    They have GREEN color on console and [SUCCESS] tag in log file.
                </para>
                <para>
                    Normally success messages are used in global build summary only.
                </para>
            </remarks>
        </member>
        <member name="F:AnFake.Api.LogMessageLevel.Text">
            <summary>
                Denotes generic text message.
            </summary>
            <remarks>
                <para>
                    Text messages are visible with any verbosity.
                    They have WHITE color on console and [INFO] tag in log file.
                </para>
                <para>
                    Normally text messages are used in global build summary only.
                </para>
            </remarks>
        </member>
        <member name="F:AnFake.Api.LogMessageLevel.Details">
            <summary>
                Denotes text message with details.
            </summary>
            <remarks>
                <para>
                    Details messages are visible with any verbosity.
                    They have GRAY color on console and [INFO] tag in log file.
                </para>
                <para>
                    Normally details messages are used in global build summary only.
                </para>
            </remarks>
        </member>
        <member name="T:AnFake.Api.TraceMessageCounter">
            <summary>
                Represents trace message counter.
            </summary>
            <remarks>
                Counts important (Summary, Warning, Error) messages produced by some operation.
            </remarks>
        </member>
        <member name="T:AnFake.Api.TraceMessageLevel">
            <summary>
                Represents level of message written to build trace.
            </summary>
        </member>
        <member name="F:AnFake.Api.TraceMessageLevel.Debug">
            <summary>
                Denotes diagnostic details of current operation. E.g. 'Overwrite enabled => deleting target folder x'.
            </summary>
            <remarks>
                Debug messages are visible with verbosity Detailed or higher.
                They have GRAY color on console and [TRACE] tag in log file.
            </remarks>
        </member>
        <member name="F:AnFake.Api.TraceMessageLevel.Info">
            <summary>
                Denotes information about current progress. E.g. 'Starting process x', 'Copying files x => y', etc.
            </summary>
            <remarks>
                Info messages are visible with verbosity Normal or higher.
                They have WHITE color on console and [DEBUG] tag in log file.
            </remarks>
        </member>
        <member name="F:AnFake.Api.TraceMessageLevel.Summary">
            <summary>
                Denotes summary of important operation. E.g. 'x failed / y total tests'.
            </summary>
            <remarks>
                <para>
                    Summary messages are visible with verbosity Minimal or higher.
                    They have WHITE color on console and [DEBUG] tag in log file.
                </para>
                <para>
                    The difference between Info and Summary is summary messages are duplicated in global build summary at the end
                    of run.
                </para>
            </remarks>
        </member>
        <member name="F:AnFake.Api.TraceMessageLevel.Warning">
            <summary>
                Denotes warning about operation's result. E.g. 'Obsolete API is used'.
            </summary>
            <remarks>
                <para>
                    Warning messages are visible with any verbosity.
                    They have YELLOW color on console and [WARN] tag in log file.
                </para>
                <para>
                    Warning messages are duplicated in global build summary at the end of run.
                </para>
            </remarks>
        </member>
        <member name="F:AnFake.Api.TraceMessageLevel.Error">
            <summary>
                Denotes failure of operation. E.g. 'Syntax error in ...'
            </summary>
            <remarks>
                <para>
                    Error messages are visible with any verbosity.
                    They have RED color on console and [ERROR] tag in log file.
                </para>
                <para>
                    Error messages are duplicated in global build summary at the end of run.
                </para>
            </remarks>
        </member>
        <member name="T:AnFake.Api.TraceMessage">
            <summary>
                Represents typed message of build trace.
            </summary>
        </member>
        <member name="M:AnFake.Api.TraceMessage.ToString(System.String,System.IFormatProvider)">
            <summary>
                Formats message.
            </summary>
            <remarks>
                <para>
                    Message text is a default string representation. Additionally the following information might be included:
                </para>
            	<para>
            		m - message itself prefixed with code (if any)
            	</para>
                <para>
                    l - link if specified;
                </para>
                <para>
                    f - file/project reference if specified;
                </para>
                <para>
                    d - details if specified;
                </para>
            </remarks>
            <param name="format"></param>
            <param name="formatProvider"></param>
            <returns></returns>
        </member>
        <member name="M:AnFake.Api.TraceMessage.ToString(System.String)">
            <summary>
            	Formats message. Equals to <c>ToString(format, null)</c>
            </summary>
            <param name="format"></param>
            <returns></returns>
        </member>
        <member name="M:AnFake.Api.TraceMessage.ToString">
            <summary>
                Formats message with default presentation 'mlfd'. <see cref="M:AnFake.Api.TraceMessage.ToString(System.String,System.IFormatProvider)"/>
            </summary>
            <returns></returns>
        </member>
        <member name="T:AnFake.Api.Trace">
            <summary>
                Represent build trace - the main facility to report build progress, warnings, errors and so on.
            </summary>
            <remarks>
                <para>
                    Build trace is not just a text log. It is a persistent collection of typed message objects which can be
                    processed by integration plugins for example to bypass to build server or produce nice HTML report.
                </para>
                <para>
                    All message written to build trace are also duplicated to ILog which in turn attached to console and file.
                </para>
            </remarks>
        </member>
        <member name="T:AnFake.Api.Verbosity">
            <summary>
                Represents build trace verbosity. <see cref="T:AnFake.Api.Trace"/>
            </summary>
        </member>
        <member name="F:AnFake.Api.Verbosity.Quiet">
            <summary>
                Error and warning messages only visible.
            </summary>
        </member>
        <member name="F:AnFake.Api.Verbosity.Minimal">
            <summary>
                Errors, warnings and summary messages visible.
            </summary>
        </member>
        <member name="F:AnFake.Api.Verbosity.Normal">
            <summary>
                Errors, warnings, summary and info messages visible.
            </summary>
        </member>
        <member name="F:AnFake.Api.Verbosity.Detailed">
            <summary>
                All messages visible.
            </summary>
        </member>
        <member name="F:AnFake.Api.Verbosity.Diagnostic">
            <summary>
                All messages visible.
            </summary>
            <remarks>
                The same as Detailed but provided for compatibility with Microsoft.Build.Framework.LoggerVerbosity
            </remarks>
        </member>
        <member name="T:AnFake.Api.VerbosityExtension">
            <summary>
            	Verbosity extension methods.
            </summary>
        </member>
        <member name="M:AnFake.Api.VerbosityExtension.AsLogLevelThreshold(AnFake.Api.Verbosity)">
            <summary>
            	Converts <c>Verbosity</c> to threshold in term of <c>LogMessageLevel</c>.
            </summary>
            <param name="verbosity">log verbosity</param>
            <returns>log message level threshold</returns>
        </member>
        <member name="M:AnFake.Api.VerbosityExtension.AsTraceLevelThreshold(AnFake.Api.Verbosity)">
            <summary>
            	Converts <c>Verbosity</c> to threshold in term of <c>TraceMessageLevel</c>.
            </summary>
            <param name="verbosity">log verbosity</param>
            <returns>trace message level threshold</returns>
        </member>
    </members>
</doc>
